{"cameraMode":{"drawMode":0,"name":"Shaded","section":"Shading Mode"},"sceneLighting":false,"audioPlay":false,"sceneViewState":{"showFog":true,"showMaterialUpdate":false,"showSkybox":true,"showFlares":true,"showImageEffects":true,"showParticleSystems":true},"in2DMode":false,"pivot":{"x":-2.631380081176758,"y":6.366000175476074,"z":-14.458186149597168},"rotation":{"x":-0.0760093703866005,"y":-0.8313615918159485,"z":0.11749494820833206,"w":-0.537824809551239},"size":5.7157673835754398,"orthographic":false}