{"cameraMode":{"drawMode":0,"name":"Shaded","section":"Shading Mode"},"sceneLighting":false,"audioPlay":false,"sceneViewState":{"showFog":true,"showMaterialUpdate":false,"showSkybox":true,"showFlares":true,"showImageEffects":true,"showParticleSystems":true},"in2DMode":false,"pivot":{"x":-3.3674423694610597,"y":5.054459095001221,"z":141.60411071777345},"rotation":{"x":-0.09720370173454285,"y":-0.053717415779829028,"z":0.005254107527434826,"w":-0.9937999844551086},"size":10.543888092041016,"orthographic":false}