{"cameraMode":{"drawMode":0,"name":"Shaded","section":"Shading Mode"},"sceneLighting":false,"audioPlay":false,"sceneViewState":{"showFog":true,"showMaterialUpdate":false,"showSkybox":true,"showFlares":true,"showImageEffects":true,"showParticleSystems":true},"in2DMode":false,"pivot":{"x":-8.030691146850586,"y":-4.582085609436035,"z":80.8476791381836},"rotation":{"x":-0.15648899972438813,"y":-0.20027077198028565,"z":0.0324224978685379,"w":-0.9666187167167664},"size":8.179771423339844,"orthographic":false}