{"cameraMode":{"drawMode":0,"name":"Shaded","section":"Shading Mode"},"sceneLighting":false,"audioPlay":false,"sceneViewState":{"showFog":true,"showMaterialUpdate":false,"showSkybox":true,"showFlares":true,"showImageEffects":true,"showParticleSystems":true},"in2DMode":false,"pivot":{"x":0.8631316423416138,"y":-99.89723205566406,"z":-72.96641540527344},"rotation":{"x":-0.006487798411399126,"y":-0.8973279595375061,"z":0.4411192536354065,"w":-0.013198386877775193},"size":144.9119873046875,"orthographic":false}