{"cameraMode":{"drawMode":0,"name":"Shaded","section":"Shading Mode"},"sceneLighting":false,"audioPlay":false,"sceneViewState":{"showFog":true,"showMaterialUpdate":false,"showSkybox":true,"showFlares":true,"showImageEffects":true,"showParticleSystems":true},"in2DMode":false,"pivot":{"x":27.721609115600587,"y":-18.210342407226564,"z":11.166814804077149},"rotation":{"x":-0.15811197459697724,"y":-0.776190459728241,"z":0.21481753885746003,"w":-0.5712988972663879},"size":44.263153076171878,"orthographic":false}