{"cameraMode":{"drawMode":0,"name":"Shaded","section":"Shading Mode"},"sceneLighting":false,"audioPlay":false,"sceneViewState":{"showFog":true,"showMaterialUpdate":false,"showSkybox":true,"showFlares":true,"showImageEffects":true,"showParticleSystems":true},"in2DMode":false,"pivot":{"x":8.846336364746094,"y":-7.01383113861084,"z":45.46678924560547},"rotation":{"x":-0.09783652424812317,"y":-0.14132295548915864,"z":0.014036850072443486,"w":-0.9850171804428101},"size":49.72034454345703,"orthographic":false}