{"cameraMode":{"drawMode":0,"name":"Shaded","section":"Shading Mode"},"sceneLighting":false,"audioPlay":false,"sceneViewState":{"showFog":true,"showMaterialUpdate":false,"showSkybox":true,"showFlares":true,"showImageEffects":true,"showParticleSystems":true},"in2DMode":false,"pivot":{"x":-2.825296401977539,"y":5.298877716064453,"z":-20.115442276000978},"rotation":{"x":-0.06989552080631256,"y":-0.9138928651809692,"z":0.1785077303647995,"w":-0.3578399121761322},"size":36.08374786376953,"orthographic":false}